-- MySQL dump 10.13  Distrib 8.0.45, for Win64 (x86_64)
--
-- Host: 127.0.0.1    Database: tfg
-- ------------------------------------------------------
-- Server version	8.0.45

/*!40101 SET @OLD_CHARACTER_SET_CLIENT=@@CHARACTER_SET_CLIENT */;
/*!40101 SET @OLD_CHARACTER_SET_RESULTS=@@CHARACTER_SET_RESULTS */;
/*!40101 SET @OLD_COLLATION_CONNECTION=@@COLLATION_CONNECTION */;
/*!50503 SET NAMES utf8 */;
/*!40103 SET @OLD_TIME_ZONE=@@TIME_ZONE */;
/*!40103 SET TIME_ZONE='+00:00' */;
/*!40014 SET @OLD_UNIQUE_CHECKS=@@UNIQUE_CHECKS, UNIQUE_CHECKS=0 */;
/*!40014 SET @OLD_FOREIGN_KEY_CHECKS=@@FOREIGN_KEY_CHECKS, FOREIGN_KEY_CHECKS=0 */;
/*!40101 SET @OLD_SQL_MODE=@@SQL_MODE, SQL_MODE='NO_AUTO_VALUE_ON_ZERO' */;
/*!40111 SET @OLD_SQL_NOTES=@@SQL_NOTES, SQL_NOTES=0 */;

--
-- Table structure for table `bookings`
--

DROP TABLE IF EXISTS `bookings`;
/*!40101 SET @saved_cs_client     = @@character_set_client */;
/*!50503 SET character_set_client = utf8mb4 */;
CREATE TABLE `bookings` (
  `id` char(36) NOT NULL,
  `trip_id` char(36) NOT NULL,
  `customer_id` char(36) NOT NULL,
  `email` varchar(320) NOT NULL,
  `name` varchar(96) NOT NULL,
  `birth_date` date NOT NULL,
  `sex` varchar(6) NOT NULL,
  `phone` varchar(20) NOT NULL,
  `document_number` varchar(20) NOT NULL,
  `street` varchar(128) NOT NULL,
  `house_number` varchar(10) NOT NULL,
  `post_code` varchar(10) NOT NULL,
  `country` varchar(64) NOT NULL,
  `purchase_date` datetime NOT NULL,
  `price_paid` decimal(6,2) NOT NULL,
  PRIMARY KEY (`id`),
  UNIQUE KEY `trip_id` (`trip_id`,`document_number`),
  KEY `customer_id` (`customer_id`),
  CONSTRAINT `bookings_ibfk_1` FOREIGN KEY (`trip_id`) REFERENCES `trips` (`id`) ON DELETE CASCADE ON UPDATE CASCADE,
  CONSTRAINT `bookings_ibfk_2` FOREIGN KEY (`customer_id`) REFERENCES `customers` (`id`) ON DELETE CASCADE ON UPDATE CASCADE
) ENGINE=InnoDB DEFAULT CHARSET=utf8mb4 COLLATE=utf8mb4_0900_ai_ci;
/*!40101 SET character_set_client = @saved_cs_client */;

--
-- Dumping data for table `bookings`
--

LOCK TABLES `bookings` WRITE;
/*!40000 ALTER TABLE `bookings` DISABLE KEYS */;
/*!40000 ALTER TABLE `bookings` ENABLE KEYS */;
UNLOCK TABLES;

--
-- Table structure for table `carts`
--

DROP TABLE IF EXISTS `carts`;
/*!40101 SET @saved_cs_client     = @@character_set_client */;
/*!50503 SET character_set_client = utf8mb4 */;
CREATE TABLE `carts` (
  `id` char(36) NOT NULL,
  `trip_id` char(36) NOT NULL,
  `customer_id` char(36) NOT NULL,
  PRIMARY KEY (`id`),
  UNIQUE KEY `trip_id` (`trip_id`,`customer_id`),
  KEY `customer_id` (`customer_id`),
  CONSTRAINT `carts_ibfk_1` FOREIGN KEY (`trip_id`) REFERENCES `trips` (`id`) ON DELETE CASCADE ON UPDATE CASCADE,
  CONSTRAINT `carts_ibfk_2` FOREIGN KEY (`customer_id`) REFERENCES `customers` (`id`) ON DELETE CASCADE ON UPDATE CASCADE
) ENGINE=InnoDB DEFAULT CHARSET=utf8mb4 COLLATE=utf8mb4_0900_ai_ci;
/*!40101 SET character_set_client = @saved_cs_client */;

--
-- Dumping data for table `carts`
--

LOCK TABLES `carts` WRITE;
/*!40000 ALTER TABLE `carts` DISABLE KEYS */;
/*!40000 ALTER TABLE `carts` ENABLE KEYS */;
UNLOCK TABLES;

--
-- Table structure for table `comments`
--

DROP TABLE IF EXISTS `comments`;
/*!40101 SET @saved_cs_client     = @@character_set_client */;
/*!50503 SET character_set_client = utf8mb4 */;
CREATE TABLE `comments` (
  `id` char(36) NOT NULL,
  `trip_id` char(36) NOT NULL,
  `customer_id` char(36) NOT NULL,
  `commentary` text NOT NULL,
  PRIMARY KEY (`id`),
  KEY `trip_id` (`trip_id`),
  KEY `customer_id` (`customer_id`),
  CONSTRAINT `comments_ibfk_1` FOREIGN KEY (`trip_id`) REFERENCES `trips` (`id`) ON DELETE CASCADE ON UPDATE CASCADE,
  CONSTRAINT `comments_ibfk_2` FOREIGN KEY (`customer_id`) REFERENCES `customers` (`id`) ON DELETE CASCADE ON UPDATE CASCADE
) ENGINE=InnoDB DEFAULT CHARSET=utf8mb4 COLLATE=utf8mb4_0900_ai_ci;
/*!40101 SET character_set_client = @saved_cs_client */;

--
-- Dumping data for table `comments`
--

LOCK TABLES `comments` WRITE;
/*!40000 ALTER TABLE `comments` DISABLE KEYS */;
/*!40000 ALTER TABLE `comments` ENABLE KEYS */;
UNLOCK TABLES;

--
-- Table structure for table `companies`
--

DROP TABLE IF EXISTS `companies`;
/*!40101 SET @saved_cs_client     = @@character_set_client */;
/*!50503 SET character_set_client = utf8mb4 */;
CREATE TABLE `companies` (
  `id` char(36) NOT NULL,
  `user_id` char(36) NOT NULL,
  `company_name` varchar(64) NOT NULL,
  `cif` varchar(10) NOT NULL,
  `address` varchar(128) NOT NULL,
  `phone` varchar(20) NOT NULL,
  `iban` varchar(34) NOT NULL,
  PRIMARY KEY (`id`),
  UNIQUE KEY `user_id` (`user_id`),
  UNIQUE KEY `company_name` (`company_name`),
  UNIQUE KEY `cif` (`cif`),
  UNIQUE KEY `phone` (`phone`),
  UNIQUE KEY `iban` (`iban`),
  CONSTRAINT `companies_ibfk_1` FOREIGN KEY (`user_id`) REFERENCES `users` (`id`) ON DELETE CASCADE ON UPDATE CASCADE
) ENGINE=InnoDB DEFAULT CHARSET=utf8mb4 COLLATE=utf8mb4_0900_ai_ci;
/*!40101 SET character_set_client = @saved_cs_client */;

--
-- Dumping data for table `companies`
--

LOCK TABLES `companies` WRITE;
/*!40000 ALTER TABLE `companies` DISABLE KEYS */;
INSERT INTO `companies` VALUES ('5eb2c9e9-3d65-4e69-bc64-782d383b41c2','f605677f-1fc4-4afb-ab69-cdac13567e50','Aventura Trips','B87402915','calle virgilio 32 nave 6','(+34) 934 126 789','ES2121000418450200051234');
/*!40000 ALTER TABLE `companies` ENABLE KEYS */;
UNLOCK TABLES;

--
-- Table structure for table `customers`
--

DROP TABLE IF EXISTS `customers`;
/*!40101 SET @saved_cs_client     = @@character_set_client */;
/*!50503 SET character_set_client = utf8mb4 */;
CREATE TABLE `customers` (
  `id` char(36) NOT NULL,
  `user_id` char(36) NOT NULL,
  `first_name` varchar(32) NOT NULL,
  `last_name` varchar(64) NOT NULL,
  `phone` varchar(20) NOT NULL,
  PRIMARY KEY (`id`),
  UNIQUE KEY `user_id` (`user_id`),
  UNIQUE KEY `phone` (`phone`),
  CONSTRAINT `customers_ibfk_1` FOREIGN KEY (`user_id`) REFERENCES `users` (`id`) ON DELETE CASCADE ON UPDATE CASCADE
) ENGINE=InnoDB DEFAULT CHARSET=utf8mb4 COLLATE=utf8mb4_0900_ai_ci;
/*!40101 SET character_set_client = @saved_cs_client */;

--
-- Dumping data for table `customers`
--

LOCK TABLES `customers` WRITE;
/*!40000 ALTER TABLE `customers` DISABLE KEYS */;
INSERT INTO `customers` VALUES ('9be75124-6a2d-4331-8b96-569dca39a432','f98203e1-0ca7-4b97-a89f-c18280e0d4fd','Mateo','Tascon','632399079');
/*!40000 ALTER TABLE `customers` ENABLE KEYS */;
UNLOCK TABLES;

--
-- Table structure for table `favorites`
--

DROP TABLE IF EXISTS `favorites`;
/*!40101 SET @saved_cs_client     = @@character_set_client */;
/*!50503 SET character_set_client = utf8mb4 */;
CREATE TABLE `favorites` (
  `id` char(36) NOT NULL,
  `trip_id` char(36) NOT NULL,
  `customer_id` char(36) NOT NULL,
  PRIMARY KEY (`id`),
  UNIQUE KEY `trip_id` (`trip_id`,`customer_id`),
  KEY `customer_id` (`customer_id`),
  CONSTRAINT `favorites_ibfk_1` FOREIGN KEY (`trip_id`) REFERENCES `trips` (`id`) ON DELETE CASCADE ON UPDATE CASCADE,
  CONSTRAINT `favorites_ibfk_2` FOREIGN KEY (`customer_id`) REFERENCES `customers` (`id`) ON DELETE CASCADE ON UPDATE CASCADE
) ENGINE=InnoDB DEFAULT CHARSET=utf8mb4 COLLATE=utf8mb4_0900_ai_ci;
/*!40101 SET character_set_client = @saved_cs_client */;

--
-- Dumping data for table `favorites`
--

LOCK TABLES `favorites` WRITE;
/*!40000 ALTER TABLE `favorites` DISABLE KEYS */;
/*!40000 ALTER TABLE `favorites` ENABLE KEYS */;
UNLOCK TABLES;

--
-- Table structure for table `guides`
--

DROP TABLE IF EXISTS `guides`;
/*!40101 SET @saved_cs_client     = @@character_set_client */;
/*!50503 SET character_set_client = utf8mb4 */;
CREATE TABLE `guides` (
  `id` char(36) NOT NULL,
  `company_id` char(36) NOT NULL,
  `first_name` varchar(32) NOT NULL,
  `last_name` varchar(64) NOT NULL,
  `email` varchar(320) NOT NULL,
  `guide_description` text NOT NULL,
  `birth_date` date NOT NULL,
  `style_trip` enum('RELAX','URBAN','ADVENTURE','LUXURY') NOT NULL,
  `image_url` varchar(255) NOT NULL,
  PRIMARY KEY (`id`),
  UNIQUE KEY `email` (`email`),
  KEY `company_id` (`company_id`),
  CONSTRAINT `guides_ibfk_1` FOREIGN KEY (`company_id`) REFERENCES `companies` (`id`) ON DELETE CASCADE ON UPDATE CASCADE
) ENGINE=InnoDB DEFAULT CHARSET=utf8mb4 COLLATE=utf8mb4_0900_ai_ci;
/*!40101 SET character_set_client = @saved_cs_client */;

--
-- Dumping data for table `guides`
--

LOCK TABLES `guides` WRITE;
/*!40000 ALTER TABLE `guides` DISABLE KEYS */;
INSERT INTO `guides` VALUES ('06b8ccf6-fd39-4dcf-8ee4-e8c27adce708','5eb2c9e9-3d65-4e69-bc64-782d383b41c2','Sofía','Mendez','sofia.mendez@email.com','Luxury Worked 5 years in five-star hotels before becoming an independent guide. Expert in exclusive experiences: private wine tastings, yachts and Michelin-starred restaurants.','1987-09-30','LUXURY','https://res.cloudinary.com/matthew1010100/image/upload/v1772470877/tfg/tvk6mq4pbp0tpusv11v6.webp'),('179f3a08-278d-4a8a-9d0c-75403d2f979f','5eb2c9e9-3d65-4e69-bc64-782d383b41c2','Isabella','Duarte','isabella.duarte@email.com','Relax Yoga and meditation instructor with experience leading retreats across Latin America. She designs experiences focused on digital detox and reconnecting with nature.','1993-06-19','RELAX','https://res.cloudinary.com/matthew1010100/image/upload/v1772471480/tfg/p0dvaxhp1nd9ny24wrde.webp'),('3efe963d-5f44-40cd-8214-d091ab3cdc51','5eb2c9e9-3d65-4e69-bc64-782d383b41c2','Valentina','Reyes','valentina.reyes@email.com','Adventure Passionate about hiking and mountain sports. She has spent 8 years organizing routes through the Pyrenees and the Picos de Europa. Certified in first aid and mountain rescue.','1991-03-14','ADVENTURE','https://res.cloudinary.com/matthew1010100/image/upload/v1772472811/tfg/cjaep1vfn0fscdlvhmdn.webp'),('801d9723-3424-49e2-bdd6-067a4194e76e','5eb2c9e9-3d65-4e69-bc64-782d383b41c2','Andrés','Figueroa','andres.figueroa@email.com','Adventure Professional diver and aquatic adventure guide. He has explored cenotes in Mexico, reefs in Honduras and coastlines in Galicia. PADI Master Scuba Diver certified.','1989-07-23','ADVENTURE','https://res.cloudinary.com/matthew1010100/image/upload/v1772471866/tfg/mzzyelisirxfgmjzdnvs.webp'),('818780af-f728-4b5d-84ea-241efdd7c89d','5eb2c9e9-3d65-4e69-bc64-782d383b41c2','Matías','Salazar','matias.salazar@email.com','Urban Historian and urban photographer. His walking tours through colonial cities and European capitals combine historical facts with the best Instagram photo spots.','1994-12-16','URBAN','https://res.cloudinary.com/matthew1010100/image/upload/v1772472625/tfg/rid53nt0gdmxjldazq1d.webp'),('844f0154-a67e-4ca7-a6c5-059e1816f228','5eb2c9e9-3d65-4e69-bc64-782d383b41c2','Lucía','Paredes','lucia.paredes@email.com','Urban Trained architect turned urban guide. She knows every hidden corner of Madrid and Barcelona. Her tours blend history, street art and nightlife.','1995-11-05','URBAN','https://res.cloudinary.com/matthew1010100/image/upload/v1772472176/tfg/nofsal1y3kewunmix6fh.webp'),('b50f60c3-5f2a-4fe5-8e55-6efded4918ce','5eb2c9e9-3d65-4e69-bc64-782d383b41c2','Diego','Navarro','diego.navarro@email.com','Relax Lover of slow living and wine tourism. He organizes getaways to charming villages, vineyards and countryside retreats. His motto: \'travel without rush, enjoy with calm\'.','1992-04-11','RELAX','https://res.cloudinary.com/matthew1010100/image/upload/v1772471355/tfg/ebdicflghlebellreurd.webp'),('cec08cfd-3f48-463c-8f2e-b5cd362d5f68','5eb2c9e9-3d65-4e69-bc64-782d383b41c2','Camila','Herrera','camila.herrera@email.com','Relax Specialist in wellness and thermal tourism. She has explored the best spas across Spain and Portugal. She loves designing itineraries that combine local gastronomy with rest and relaxation.','1988-08-27','RELAX','https://res.cloudinary.com/matthew1010100/image/upload/v1772472552/tfg/qranuma1hsew8xkzhutx.webp'),('d7ea5f25-f52b-4b5f-af16-3e84404c9227','5eb2c9e9-3d65-4e69-bc64-782d383b41c2','Mariana','Castillo','mariana.castillo@email.com','Adventure Former rafting and climbing instructor in Costa Rica. She now organizes adventure expeditions across Central America and southern Spain. Fluent in Spanish, English and Portuguese.','1990-01-02','ADVENTURE','https://res.cloudinary.com/matthew1010100/image/upload/v1772471123/tfg/zaqkcytmjvkfaw6sivjh.webp'),('d8d39325-d62d-4260-a08f-1542ce51d302','5eb2c9e9-3d65-4e69-bc64-782d383b41c2','Miguel','Sanz','miguel30@gmail.com','Miguel is a 30-year-old from La Mancha, approachable and confident, with a simple and authentic style. He works as a city guide and is passionate about discovering and sharing the hidden stories of each city, enjoying every corner as if it were the first time.','1996-01-01','URBAN','https://res.cloudinary.com/matthew1010100/image/upload/v1772470058/tfg/kjokc9azlquqe7qavevn.webp');
/*!40000 ALTER TABLE `guides` ENABLE KEYS */;
UNLOCK TABLES;

--
-- Table structure for table `images`
--

DROP TABLE IF EXISTS `images`;
/*!40101 SET @saved_cs_client     = @@character_set_client */;
/*!50503 SET character_set_client = utf8mb4 */;
CREATE TABLE `images` (
  `id` char(36) NOT NULL,
  `trip_id` char(36) NOT NULL,
  `image_url` varchar(255) NOT NULL,
  PRIMARY KEY (`id`),
  KEY `trip_id` (`trip_id`),
  CONSTRAINT `images_ibfk_1` FOREIGN KEY (`trip_id`) REFERENCES `trips` (`id`) ON DELETE CASCADE ON UPDATE CASCADE
) ENGINE=InnoDB DEFAULT CHARSET=utf8mb4 COLLATE=utf8mb4_0900_ai_ci;
/*!40101 SET character_set_client = @saved_cs_client */;

--
-- Dumping data for table `images`
--

LOCK TABLES `images` WRITE;
/*!40000 ALTER TABLE `images` DISABLE KEYS */;
INSERT INTO `images` VALUES ('01e8aaff-6136-44c4-8aee-fbb695e77b94','0d737343-6139-427c-ab64-fa27500a1fd8','https://res.cloudinary.com/matthew1010100/image/upload/v1772969133/tfg/pzip6lvhbjjpjgwarvxo.webp'),('02bce9d5-438d-47dc-84a5-281a6f185ab7','453c089f-de35-423e-8e4e-08d398ca2fd9','https://res.cloudinary.com/matthew1010100/image/upload/v1772968874/tfg/h9nsxwxftnj06dqmlkb0.webp'),('06e187ca-8c1f-4e3a-b8cd-2e85c3c0e291','c702cf4b-c2c6-408a-9aeb-d8bd65d0c4dc','https://res.cloudinary.com/matthew1010100/image/upload/v1772969224/tfg/ujjgmhoizzpjniy23qsa.webp'),('06f87605-9012-409b-aa81-e863b2dcf9b9','8b2a4f1b-40ec-4ccb-91a0-4c433dfec952','https://res.cloudinary.com/matthew1010100/image/upload/v1772918372/tfg/gklcmd1xsl903n5tjyal.webp'),('08e6d69a-8aa6-4ca8-9d1d-bd03e79fa286','3e7b55e8-a053-4960-8a3d-1973d1d31d7d','https://res.cloudinary.com/matthew1010100/image/upload/v1772918323/tfg/x4vm58nmhaf7m7ud7mq6.webp'),('0950cf48-ed13-4b8c-b064-b4896ecbcc91','d03448db-f91a-47af-acba-dce868827047','https://res.cloudinary.com/matthew1010100/image/upload/v1772970329/tfg/h5wlxqyitfacfmcggs8k.webp'),('0d3c96f8-73c8-4d0a-9650-a1a5a1b23939','bf8f866a-ee09-40aa-bbd9-b564a8a1f382','https://res.cloudinary.com/matthew1010100/image/upload/v1772970775/tfg/enhbg2isasv2wgpeywjj.webp'),('0d531667-a812-4977-ba26-aae25f8517ed','3b8bf5ec-53c2-409b-b06b-b915a945c34c','https://res.cloudinary.com/matthew1010100/image/upload/v1772915892/tfg/fn0nyhqyc10d0qfbanto.webp'),('0d751bcc-984d-4dea-9861-7c17f64aa35f','c702cf4b-c2c6-408a-9aeb-d8bd65d0c4dc','https://res.cloudinary.com/matthew1010100/image/upload/v1772969227/tfg/fsxp5arkybo9ptyhomow.webp'),('0eeff541-54e2-445f-942a-77abf618b221','47dbc514-8210-4380-acf5-436a7b2f193f','https://res.cloudinary.com/matthew1010100/image/upload/v1772970806/tfg/fa8roxhxtylmh08ql401.webp'),('114ead73-cde2-42c6-a4c9-2ed8832b49a2','a02af2bd-be09-4b89-b36a-9ac483e101c9','https://res.cloudinary.com/matthew1010100/image/upload/v1772970599/tfg/oolufcbmstvqqdniqlrs.webp'),('117e29e7-d40c-4de2-906b-47cc70c34a1e','759ceae3-e45c-409e-835f-202220dd2b0d','https://res.cloudinary.com/matthew1010100/image/upload/v1772969109/tfg/brumsjl3fuz6oiulnbyn.webp'),('12048459-ac8e-4a93-b8af-100ac84a4ed4','1178c22f-2193-44e8-92f8-81f197222ede','https://res.cloudinary.com/matthew1010100/image/upload/v1772969063/tfg/nq3ohyqtuui6kk7u8wng.webp'),('12161370-4236-4d86-be05-35f760b8fb32','18e569fd-9532-45c7-b383-a9d2e8db7275','https://res.cloudinary.com/matthew1010100/image/upload/v1772970255/tfg/uqjlykwnf9kgoyh5pbrx.webp'),('12de995d-5280-4020-96f2-1dcac1e27d67','2dda667b-105e-4de7-bab3-675a262b98a9','https://res.cloudinary.com/matthew1010100/image/upload/v1772970000/tfg/lssnun6ehjdj9yohoxiw.webp'),('148aae8d-67aa-4899-ba7e-34054bdc6e7c','32104f67-0876-4230-af6d-69a67a2102a5','https://res.cloudinary.com/matthew1010100/image/upload/v1772916218/tfg/qbuax4f3k72dhnrakr8j.webp'),('158cd176-026e-4200-84b1-029c05fedd44','f0dbd4fd-048f-42bc-badc-c7fc782f9709','https://res.cloudinary.com/matthew1010100/image/upload/v1772916409/tfg/lrowb3wvlzjghyww69vr.webp'),('1702a42d-10a2-42dc-8637-bcbf7b0a09d8','f0dbd4fd-048f-42bc-badc-c7fc782f9709','https://res.cloudinary.com/matthew1010100/image/upload/v1772916405/tfg/ed9jjgrrvu0ozqbqqbnb.webp'),('199d3d11-6b65-4d00-85d3-02e2550be7fe','47dbc514-8210-4380-acf5-436a7b2f193f','https://res.cloudinary.com/matthew1010100/image/upload/v1772970807/tfg/srbopcjvx4en2zgeinz2.webp'),('1bc727b9-08bc-4b30-8143-29cb28a31a57','3b8bf5ec-53c2-409b-b06b-b915a945c34c','https://res.cloudinary.com/matthew1010100/image/upload/v1772915885/tfg/ptqm0xnxgrspqpdvkci9.webp'),('1cc15a16-250c-4b91-a619-97bcef8423bd','2df65fe7-61f1-41e3-b0ad-cbb9c2fd7a48','https://res.cloudinary.com/matthew1010100/image/upload/v1772970895/tfg/cz8i2lc1mrqaafmcexrw.webp'),('1e31a302-cbf9-43bc-add3-37a7c17129de','be46dd52-ac4b-43d7-85ac-25baa7866b82','https://res.cloudinary.com/matthew1010100/image/upload/v1772970425/tfg/rimonh1kbr4rbk0w0avf.webp'),('1fbafd86-51ac-4ed8-8cd7-82558f997660','69586edb-0492-4d03-a2b6-7778e18a3a49','https://res.cloudinary.com/matthew1010100/image/upload/v1772968962/tfg/vobrcxgageuhz7h1gahr.webp'),('21128f8c-6c49-46b8-8da4-fce168375464','257807dc-6e5a-4c2f-9e94-62c0458dfe0b','https://res.cloudinary.com/matthew1010100/image/upload/v1772968998/tfg/xfaobzgmdnty3hx1xwny.webp'),('22c8f229-1e5f-4e72-934c-88c1b90f65b4','453c089f-de35-423e-8e4e-08d398ca2fd9','https://res.cloudinary.com/matthew1010100/image/upload/v1772968873/tfg/d3d43sikv9rcrwwrovta.webp'),('26bc9782-3443-4b68-a6d8-bf2c040b043f','00c2ab7b-699c-4a1b-86c6-a6100d195f96','https://res.cloudinary.com/matthew1010100/image/upload/v1772970467/tfg/ihdsjnmnkwrucsospecr.webp'),('26c01f54-1691-47f5-b0bd-5c6f0a5bfd25','80134a71-a1af-413b-9808-30c543063f58','https://res.cloudinary.com/matthew1010100/image/upload/v1772970655/tfg/weuhv6brzxuenewajyjx.webp'),('2755222d-d594-46de-a98a-b56207d1e27d','d03448db-f91a-47af-acba-dce868827047','https://res.cloudinary.com/matthew1010100/image/upload/v1772970327/tfg/th5biblhmdq3cil0xwcs.webp'),('2bc411ff-c6b3-4b0d-9071-63c46abada91','6e1a3be4-44f4-4f0e-8b43-d6f8b13c5279','https://res.cloudinary.com/matthew1010100/image/upload/v1772968905/tfg/el5m7vyjxypoicgqdokd.webp'),('2cff2b0a-92a7-49c5-a773-67db0edefa35','f0dbd4fd-048f-42bc-badc-c7fc782f9709','https://res.cloudinary.com/matthew1010100/image/upload/v1772916408/tfg/wq8smggwvep1plnslwtb.webp'),('30a0a637-1a07-44aa-a711-a8c227e45115','56331f5f-d591-4120-a320-ccedc8c70521','https://res.cloudinary.com/matthew1010100/image/upload/v1772970566/tfg/zlfaskrjvl54zx2t4ool.webp'),('3180dfab-05e3-4450-b124-8f54d1558bcc','3b8bf5ec-53c2-409b-b06b-b915a945c34c','https://res.cloudinary.com/matthew1010100/image/upload/v1772915888/tfg/dz1weeiirrxnd6zwhas8.webp'),('32261fc4-50ef-45fc-be79-e1c1dcd0db51','2dda667b-105e-4de7-bab3-675a262b98a9','https://res.cloudinary.com/matthew1010100/image/upload/v1772969998/tfg/aa8jy0mvcplvvyooh4no.webp'),('38b076c5-6283-4f10-8177-ef0fd4d1e8ee','856dc021-3e88-4dbe-b836-24ce2d21c415','https://res.cloudinary.com/matthew1010100/image/upload/v1772969280/tfg/ebtg7tmajijuic8vrnag.webp'),('394d188c-85cf-4a06-a4f5-d03d56ec11ac','18e569fd-9532-45c7-b383-a9d2e8db7275','https://res.cloudinary.com/matthew1010100/image/upload/v1772970253/tfg/kldzhlhgutjn5acrlnpe.webp'),('3b4eaff2-5af4-4817-9c9a-dc3f6e23a4df','641090a6-334c-4bbb-8c93-34c749460e5d','https://res.cloudinary.com/matthew1010100/image/upload/v1772970837/tfg/ut5h1fjsa9im9kpitkyk.webp'),('3daed3a7-9df8-4e13-bf69-826beeeebff8','6e1a3be4-44f4-4f0e-8b43-d6f8b13c5279','https://res.cloudinary.com/matthew1010100/image/upload/v1772968902/tfg/k8hmomkssrckcuemqgjm.webp'),('402eaf51-7e4e-4b5a-8258-47615fe961b2','a76474af-7df3-4c98-b2ad-215cba6a9c04','https://res.cloudinary.com/matthew1010100/image/upload/v1772970215/tfg/hiwzspgvgjntwrcbzagz.webp'),('408627e5-a9ff-4da1-b33a-3079b9737ed0','82e2f5a1-1ac2-4009-9583-22e8b8ba9d5b','https://res.cloudinary.com/matthew1010100/image/upload/v1772970181/tfg/jygpourwsrs4cq6uk5ob.webp'),('414d82cb-80de-49ff-995a-50cd41588460','cda55d17-f81d-4475-8c86-b50d157558d2','https://res.cloudinary.com/matthew1010100/image/upload/v1772916491/tfg/jqr8m6wvi9cdn6pftk4x.webp'),('42db7d3e-b764-4f71-8ca5-d4c0b0399604','10357984-7aa1-4b80-a6f2-e1d85b0983b4','https://res.cloudinary.com/matthew1010100/image/upload/v1772970538/tfg/wbxphb38n1cnydc6nnbx.webp'),('43200e82-f207-490b-9ef1-5182abed1dcb','8aab7222-760e-456d-8d47-cbe14f78508d','https://res.cloudinary.com/matthew1010100/image/upload/v1772916268/tfg/rderrrscfkxh7mmfmiog.webp'),('43f6064e-6802-4ed2-872c-843a5e8d7936','dfe045a4-d371-4ff5-8abe-e854eaa41b1e','https://res.cloudinary.com/matthew1010100/image/upload/v1772969033/tfg/lhtgaw9gukgqooa61mre.webp'),('43f7ada3-4429-4d94-8ee5-334865516491','18e569fd-9532-45c7-b383-a9d2e8db7275','https://res.cloudinary.com/matthew1010100/image/upload/v1772970254/tfg/by1kxxfdcaiexdhcc8ma.webp'),('4442bd0e-37bf-43fe-9647-21ab5036fe61','56331f5f-d591-4120-a320-ccedc8c70521','https://res.cloudinary.com/matthew1010100/image/upload/v1772970564/tfg/csbiyfjun7ushal9ye18.webp'),('46085ccb-73c7-45ec-94ca-97a2ecd88392','10357984-7aa1-4b80-a6f2-e1d85b0983b4','https://res.cloudinary.com/matthew1010100/image/upload/v1772970534/tfg/zrxhbcocfirwrvbwlsn1.webp'),('475b8c31-8f77-4a3d-a3b6-3cea93883d32','00c2ab7b-699c-4a1b-86c6-a6100d195f96','https://res.cloudinary.com/matthew1010100/image/upload/v1772970466/tfg/ap1cpdopy4m1okybwno0.webp'),('48f725e4-3071-4998-a0b5-2c417cf712b4','69586edb-0492-4d03-a2b6-7778e18a3a49','https://res.cloudinary.com/matthew1010100/image/upload/v1772968965/tfg/sgjl9d464nyohvsazjxz.webp'),('4a07c643-5dd6-4797-9783-ca0bfb61e21f','56331f5f-d591-4120-a320-ccedc8c70521','https://res.cloudinary.com/matthew1010100/image/upload/v1772970565/tfg/ebklevc73uet8jx2pkpt.webp'),('4bdadeee-f22f-42ec-9fb0-0923c743a266','856dc021-3e88-4dbe-b836-24ce2d21c415','https://res.cloudinary.com/matthew1010100/image/upload/v1772969282/tfg/pgakjugd2mwvv4vavxzx.webp'),('4c224801-c882-4adc-993b-f2f0d049eaf9','a02af2bd-be09-4b89-b36a-9ac483e101c9','https://res.cloudinary.com/matthew1010100/image/upload/v1772970598/tfg/yonqo5l2st9cgvepjj11.webp'),('4d2eadb4-ff7b-4e9c-bb52-7929f88e7323','fb950666-7422-4bf9-834a-d3ae4660b314','https://res.cloudinary.com/matthew1010100/image/upload/v1772916118/tfg/gfejtvryqzadg065snit.webp'),('4ef2d04e-5999-47fe-969a-68b4e1e613f4','1b16baa3-fa93-44d7-8e83-163a91b7cdd9','https://res.cloudinary.com/matthew1010100/image/upload/v1772918460/tfg/y0fndrpnekh1vplitcz5.webp'),('4f62ace7-c0b4-447f-a8fb-f8a5e0abb1e0','641090a6-334c-4bbb-8c93-34c749460e5d','https://res.cloudinary.com/matthew1010100/image/upload/v1772970835/tfg/rkm5ejiucoyj4zisssyk.webp'),('509b5700-b9ff-40d7-b66b-3628e59b26f6','a76474af-7df3-4c98-b2ad-215cba6a9c04','https://res.cloudinary.com/matthew1010100/image/upload/v1772970216/tfg/kv2vuvboztnwg1hvskai.webp'),('523f0098-ad47-4c7c-a270-a7995aacfe3f','a02af2bd-be09-4b89-b36a-9ac483e101c9','https://res.cloudinary.com/matthew1010100/image/upload/v1772970600/tfg/bambt5uycbaxcankjdc5.webp'),('534d18fc-4976-49bf-b0c5-ec58778f25f4','fb950666-7422-4bf9-834a-d3ae4660b314','https://res.cloudinary.com/matthew1010100/image/upload/v1772916116/tfg/esnpddczhgdrp9pkgpac.webp'),('53748247-913c-4295-9400-fac434be7936','759ceae3-e45c-409e-835f-202220dd2b0d','https://res.cloudinary.com/matthew1010100/image/upload/v1772969105/tfg/zzauugwyihvxejtg7ksb.webp'),('541fca6c-7510-4903-962d-88fd31ccff7b','1b16baa3-fa93-44d7-8e83-163a91b7cdd9','https://res.cloudinary.com/matthew1010100/image/upload/v1772918457/tfg/l6ixh8bpcihafprebcig.webp'),('54da8aee-bc57-41f6-bd09-290986eb9d43','856dc021-3e88-4dbe-b836-24ce2d21c415','https://res.cloudinary.com/matthew1010100/image/upload/v1772969284/tfg/f6awndavukcp9xk1ktuz.webp'),('57294844-506e-4d81-be37-36121cabe473','dfe045a4-d371-4ff5-8abe-e854eaa41b1e','https://res.cloudinary.com/matthew1010100/image/upload/v1772969032/tfg/dp5zwpjdbypt5ww0ke8q.webp'),('5731265f-6be6-467a-95f9-8153e48ef384','70e903d9-a187-4dfe-a921-7082b3ffc526','https://res.cloudinary.com/matthew1010100/image/upload/v1772969199/tfg/jxq2efr4mligmttncu7j.webp'),('57c93f47-7a38-4893-b5cc-11c599f893a0','18e569fd-9532-45c7-b383-a9d2e8db7275','https://res.cloudinary.com/matthew1010100/image/upload/v1772970251/tfg/jpqjlelorujcudwhaiky.webp'),('5c4d9198-d688-4086-a1b4-23fe9783f5ae','82e2f5a1-1ac2-4009-9583-22e8b8ba9d5b','https://res.cloudinary.com/matthew1010100/image/upload/v1772970183/tfg/ocybc0ygnpzk3clcydo8.webp'),('5c5a0494-7af6-4aa0-ab61-3768b8985ef2','c702cf4b-c2c6-408a-9aeb-d8bd65d0c4dc','https://res.cloudinary.com/matthew1010100/image/upload/v1772969225/tfg/nq1edmoijsrlw49a2yhb.webp'),('5cd91568-e633-4dd9-9818-54e396307db9','a76474af-7df3-4c98-b2ad-215cba6a9c04','https://res.cloudinary.com/matthew1010100/image/upload/v1772970217/tfg/ebu0ljmfsv95wkyy8gva.webp'),('5dc594b9-339c-40b8-8868-2de4fee814eb','c08c9109-b053-40b6-b4f7-040ac5aa165a','https://res.cloudinary.com/matthew1010100/image/upload/v1772916528/tfg/x9j68fm4cvtva3ynyr3s.webp'),('6047555c-2a0e-4ca0-a960-995afd6500d2','d03448db-f91a-47af-acba-dce868827047','https://res.cloudinary.com/matthew1010100/image/upload/v1772970331/tfg/irswsipfkajtalfx5tix.webp'),('63476de1-ba47-4ef4-9c86-c6ba38afca61','32104f67-0876-4230-af6d-69a67a2102a5','https://res.cloudinary.com/matthew1010100/image/upload/v1772916220/tfg/zj43rmgz5x1bmw0jw2tv.webp'),('636acc99-cf43-48ef-9510-8707dbf73fed','f5133f48-60df-4171-bf26-050c483d8fc8','https://res.cloudinary.com/matthew1010100/image/upload/v1772970145/tfg/kvjbp2sxtoyl4jcokoud.webp'),('6625dfdb-105b-4aad-a046-a6e9443f64de','609f5f68-120c-429d-a73f-f4154afdb865','https://res.cloudinary.com/matthew1010100/image/upload/v1772970685/tfg/puqo7are3zxi09wxrb1u.webp'),('6ab8fb1d-cace-4179-9ec2-e8cd09377ef6','2df65fe7-61f1-41e3-b0ad-cbb9c2fd7a48','https://res.cloudinary.com/matthew1010100/image/upload/v1772970893/tfg/fkm3wc3wdvlvia8dkwyu.webp'),('6af19b49-b1f1-4458-b6c4-14da5756710a','1178c22f-2193-44e8-92f8-81f197222ede','https://res.cloudinary.com/matthew1010100/image/upload/v1772969062/tfg/rgvxkyddq1dxesqbnafr.webp'),('6b95f390-a0c8-4430-8d21-92ce7c07e5a5','856dc021-3e88-4dbe-b836-24ce2d21c415','https://res.cloudinary.com/matthew1010100/image/upload/v1772969281/tfg/odr4nvxoyj8y7jqpmj6g.webp'),('6ba0c6a2-a28a-44ef-8104-d3902e6dbe7d','70e903d9-a187-4dfe-a921-7082b3ffc526','https://res.cloudinary.com/matthew1010100/image/upload/v1772969198/tfg/rrmysfopml3n2atqapc1.webp'),('6feb5bfe-a4c6-455c-8af5-3f561fcf0820','609f5f68-120c-429d-a73f-f4154afdb865','https://res.cloudinary.com/matthew1010100/image/upload/v1772970686/tfg/g6pcoqdkan4qqahdgdps.webp'),('74f6e8f7-3f03-44e2-a29a-68a0766300c0','dfe045a4-d371-4ff5-8abe-e854eaa41b1e','https://res.cloudinary.com/matthew1010100/image/upload/v1772969030/tfg/mznouwtyvmzqmjep25if.webp'),('7585298c-c8d4-4503-9f6a-c9b35705a2bb','2dda667b-105e-4de7-bab3-675a262b98a9','https://res.cloudinary.com/matthew1010100/image/upload/v1772969997/tfg/s7qe7zw0bkndfw5uzdhk.webp'),('7617f03b-d216-4076-8b33-143a68e03fe0','cda55d17-f81d-4475-8c86-b50d157558d2','https://res.cloudinary.com/matthew1010100/image/upload/v1772916495/tfg/g8engjjapaujywag5rzl.webp'),('76cb2a1b-5c9a-4dfe-9f43-2d9d01e6ea11','4f6867cd-a8cb-4e26-9a4b-086566c820c2','https://res.cloudinary.com/matthew1010100/image/upload/v1772970115/tfg/mlmdc9wospe2otfnvy9j.webp'),('78a0aad5-04c1-45f5-b2c5-aacd561d01cc','3e7b55e8-a053-4960-8a3d-1973d1d31d7d','https://res.cloudinary.com/matthew1010100/image/upload/v1772918327/tfg/infqqznkx03nknyuvnht.webp'),('78d38d08-54b9-4de5-8932-7e9c66f6a20f','23f6e8f8-1e6b-44d2-a204-49879d53e2c0','https://res.cloudinary.com/matthew1010100/image/upload/v1772970040/tfg/czx7gsvkqhhjgis7lxt2.webp'),('78fd8238-d03a-4ea4-923b-2be35a85bea4','32104f67-0876-4230-af6d-69a67a2102a5','https://res.cloudinary.com/matthew1010100/image/upload/v1772916216/tfg/dwjdmrtzgntekxlh7bht.webp'),('78fdcb60-aa81-4665-ac7b-140df1d64631','cda55d17-f81d-4475-8c86-b50d157558d2','https://res.cloudinary.com/matthew1010100/image/upload/v1772916493/tfg/p5oinywchepsfxtqimdv.webp'),('7ba28bd1-5cb6-46d2-a0d3-cffe45f35f88','9423bc17-f625-4ba6-93aa-62a932f65af6','https://res.cloudinary.com/matthew1010100/image/upload/v1772916443/tfg/ozmt2idowy5vl9zpplnt.webp'),('7fb1d55b-bea0-4518-a63c-09d573effa39','9fd656ba-7dc1-410c-b1a1-f3f913456c5d','https://res.cloudinary.com/matthew1010100/image/upload/v1772918407/tfg/bwhpfrngdvszdbm7h0z4.webp'),('807ac240-8f8b-4bcc-8a95-699e1d34d670','257807dc-6e5a-4c2f-9e94-62c0458dfe0b','https://res.cloudinary.com/matthew1010100/image/upload/v1772968995/tfg/md4yczopfzwfecky7798.webp'),('87cd62f8-9905-4c62-a334-3c49db1e139c','453c089f-de35-423e-8e4e-08d398ca2fd9','https://res.cloudinary.com/matthew1010100/image/upload/v1772968871/tfg/a7fmzr0ndgdtrcqwdmfr.webp'),('8ada5892-c14c-4775-a511-28b90e2db843','47dbc514-8210-4380-acf5-436a7b2f193f','https://res.cloudinary.com/matthew1010100/image/upload/v1772970809/tfg/onjscxhb33ceicxufgmv.webp'),('8e5c2fec-337f-47b4-8da5-e5b613586b37','9423bc17-f625-4ba6-93aa-62a932f65af6','https://res.cloudinary.com/matthew1010100/image/upload/v1772916439/tfg/zqklir6rw9uvydw2ic5p.webp'),('9172a659-888b-43ee-a520-992fe877d859','be46dd52-ac4b-43d7-85ac-25baa7866b82','https://res.cloudinary.com/matthew1010100/image/upload/v1772970421/tfg/k70nbscvtm8hbdh5rzvd.webp'),('92c2c07e-1077-4470-8cbb-46912ad8268d','3e7b55e8-a053-4960-8a3d-1973d1d31d7d','https://res.cloudinary.com/matthew1010100/image/upload/v1772918325/tfg/dckcf9tzplnc9k8oeql2.webp'),('93a650e1-cbd5-42b6-9d53-390f28e4c426','759ceae3-e45c-409e-835f-202220dd2b0d','https://res.cloudinary.com/matthew1010100/image/upload/v1772969107/tfg/tf4j9vnsnvtbqili5knf.webp'),('942b374e-61a7-4838-a61d-663eb62d068d','bf8f866a-ee09-40aa-bbd9-b564a8a1f382','https://res.cloudinary.com/matthew1010100/image/upload/v1772970774/tfg/ybwpaldzbgcm8djollvs.webp'),('95e73721-a805-4c32-8fa6-26a9e26ae061','8aab7222-760e-456d-8d47-cbe14f78508d','https://res.cloudinary.com/matthew1010100/image/upload/v1772916269/tfg/sz8bnd9iruku1im9xley.webp'),('96715e0d-cb8d-4e25-abe3-af735919f583','f0dbd4fd-048f-42bc-badc-c7fc782f9709','https://res.cloudinary.com/matthew1010100/image/upload/v1772916406/tfg/bmtbnbx5imjjnmnf7kwc.webp'),('971f3700-b7b5-4085-8fe3-194a1ff9c2f6','9fd656ba-7dc1-410c-b1a1-f3f913456c5d','https://res.cloudinary.com/matthew1010100/image/upload/v1772918404/tfg/fesea9jyemlhw77loof1.webp'),('97341e04-78c1-4660-9777-6b7e2bda0738','69586edb-0492-4d03-a2b6-7778e18a3a49','https://res.cloudinary.com/matthew1010100/image/upload/v1772968960/tfg/sl8y0u9rgh2fiv3xoj0q.webp'),('984874e8-a85f-443f-8000-30ed50211d2d','8b2a4f1b-40ec-4ccb-91a0-4c433dfec952','https://res.cloudinary.com/matthew1010100/image/upload/v1772918371/tfg/guzkc6t91rpznqtp0xgp.webp'),('9967cd94-923a-45fa-9b74-42c9bbbb6ec0','10357984-7aa1-4b80-a6f2-e1d85b0983b4','https://res.cloudinary.com/matthew1010100/image/upload/v1772970536/tfg/gcvhcszzhvndb0yz6usv.webp'),('9a4329a2-bf22-45db-b2f8-659f5762f25b','609f5f68-120c-429d-a73f-f4154afdb865','https://res.cloudinary.com/matthew1010100/image/upload/v1772970687/tfg/zmimzrkdnbksjxp9afwa.webp'),('a0b847ca-c51b-48f5-a8af-3321e230e1ea','80134a71-a1af-413b-9808-30c543063f58','https://res.cloudinary.com/matthew1010100/image/upload/v1772970657/tfg/br8yfhzhkkbjewkzgbmq.webp'),('a7ab33e8-206c-45b4-b0f1-629b5eaf3877','9fd656ba-7dc1-410c-b1a1-f3f913456c5d','https://res.cloudinary.com/matthew1010100/image/upload/v1772918405/tfg/naey0q7ow8ii3lkazkte.webp'),('a8ebc303-b516-4b87-b2f0-e3fb50070064','1b16baa3-fa93-44d7-8e83-163a91b7cdd9','https://res.cloudinary.com/matthew1010100/image/upload/v1772918459/tfg/e9vn9n20w2jycxuc51fa.webp'),('ab573172-ca12-48b6-bcd1-d4f6399f3259','d03448db-f91a-47af-acba-dce868827047','https://res.cloudinary.com/matthew1010100/image/upload/v1772970328/tfg/ebexwl5apppxrqixufsy.webp'),('aba027fa-230d-41f8-b997-7cbf10a4ea36','6e1a3be4-44f4-4f0e-8b43-d6f8b13c5279','https://res.cloudinary.com/matthew1010100/image/upload/v1772968904/tfg/qqjhz98ieypirzox3lbo.webp'),('aef6b25d-2378-47aa-8836-6d1ff1f4b126','00c2ab7b-699c-4a1b-86c6-a6100d195f96','https://res.cloudinary.com/matthew1010100/image/upload/v1772970469/tfg/sbwf9vz1f5zeihttyupt.webp'),('af114054-86c7-4d3e-8238-410cc2c7f197','fb950666-7422-4bf9-834a-d3ae4660b314','https://res.cloudinary.com/matthew1010100/image/upload/v1772916113/tfg/ibhcatqoptcfia84mgbl.webp'),('b16e79c9-2c26-4813-875d-314164e00b8b','57558f01-81c3-414e-8b9f-5288edcf84dd','https://res.cloudinary.com/matthew1010100/image/upload/v1772969159/tfg/dwnhaqsmvvoadzirqnwp.webp'),('b1737ed3-4c07-4be4-b514-98c73675f970','f5133f48-60df-4171-bf26-050c483d8fc8','https://res.cloudinary.com/matthew1010100/image/upload/v1772970148/tfg/y2ume0pbhg614ga0wi05.webp'),('b34067aa-3efd-4abf-a041-a62231e0144b','57558f01-81c3-414e-8b9f-5288edcf84dd','https://res.cloudinary.com/matthew1010100/image/upload/v1772969161/tfg/g767dqffbsabfi9he1r2.webp'),('b4d26bd2-5e3f-4069-8a4b-3fcf29afb6e0','9423bc17-f625-4ba6-93aa-62a932f65af6','https://res.cloudinary.com/matthew1010100/image/upload/v1772916442/tfg/kqvtu7usfkekf0clgwyu.webp'),('b9b008d4-faaf-4c53-a6b3-36ebaf1ddf7a','70e903d9-a187-4dfe-a921-7082b3ffc526','https://res.cloudinary.com/matthew1010100/image/upload/v1772969196/tfg/ictihgfuuohmlp7heiad.webp'),('bb547cee-56bc-4b84-85c4-e4223f92d0fc','1cf09b5b-4e61-49a8-b7f1-8337c70158a4','https://res.cloudinary.com/matthew1010100/image/upload/v1772970074/tfg/cpcr8hfujlhvzvq5in1n.webp'),('bdfb15c1-359e-4b3a-a588-764864ee0f0a','23f6e8f8-1e6b-44d2-a204-49879d53e2c0','https://res.cloudinary.com/matthew1010100/image/upload/v1772970037/tfg/oglockhcxqzy6s6wic0p.webp'),('bee24007-458a-4703-9c9e-0eca666e1aa1','8aab7222-760e-456d-8d47-cbe14f78508d','https://res.cloudinary.com/matthew1010100/image/upload/v1772916272/tfg/as6ohsymbetut19gqk17.webp'),('c1cee681-cf17-400e-b7d3-363d10ce41ce','82e2f5a1-1ac2-4009-9583-22e8b8ba9d5b','https://res.cloudinary.com/matthew1010100/image/upload/v1772970182/tfg/bwhdsskwebczgx8iyfol.webp'),('c36f521d-fb7f-4527-8d38-076a306e8025','69586edb-0492-4d03-a2b6-7778e18a3a49','https://res.cloudinary.com/matthew1010100/image/upload/v1772968963/tfg/dfyco3uqtvcpfapojzty.webp'),('c50c52e0-c82a-48d4-b2d3-16cc6c53cd92','fb950666-7422-4bf9-834a-d3ae4660b314','https://res.cloudinary.com/matthew1010100/image/upload/v1772916115/tfg/u29htrbolgc7pbrfl6xm.webp'),('c9a3e297-c52f-4ebc-992c-7256478efff9','759ceae3-e45c-409e-835f-202220dd2b0d','https://res.cloudinary.com/matthew1010100/image/upload/v1772969106/tfg/jygd2lbtkq1ecbu6t3hu.webp'),('cfafe573-2115-4501-8a18-0d46f32cbae2','2df65fe7-61f1-41e3-b0ad-cbb9c2fd7a48','https://res.cloudinary.com/matthew1010100/image/upload/v1772970894/tfg/es7h3dy1zxiqoxszhmv3.webp'),('d092a4d2-e139-4c23-b399-0cffc45cfba7','32104f67-0876-4230-af6d-69a67a2102a5','https://res.cloudinary.com/matthew1010100/image/upload/v1772916217/tfg/x3efnyvo68txxxzkbztl.webp'),('d16c9e3b-6d92-489f-9892-2d9ade59fe12','23f6e8f8-1e6b-44d2-a204-49879d53e2c0','https://res.cloudinary.com/matthew1010100/image/upload/v1772970041/tfg/ywlohcq74gtx8kvwuktk.webp'),('d29a27aa-1fe7-444d-b4ab-53021c241de1','4f6867cd-a8cb-4e26-9a4b-086566c820c2','https://res.cloudinary.com/matthew1010100/image/upload/v1772970116/tfg/sgjexslezunghcsmzivm.webp'),('d2ab23eb-602c-4107-8380-7d1cdafb2824','9423bc17-f625-4ba6-93aa-62a932f65af6','https://res.cloudinary.com/matthew1010100/image/upload/v1772916440/tfg/gwdrtkpgipe6ar9mqr7i.webp'),('d610e8e8-729b-46a4-8a41-579149bdf47d','c08c9109-b053-40b6-b4f7-040ac5aa165a','https://res.cloudinary.com/matthew1010100/image/upload/v1772916531/tfg/gqhzsjxfpplfnxwobjoh.webp'),('d809023f-543a-4057-a82d-260c138e78bf','641090a6-334c-4bbb-8c93-34c749460e5d','https://res.cloudinary.com/matthew1010100/image/upload/v1772970836/tfg/znnmki1bmj69g2t8l5l2.webp'),('d8ba0ca1-8acd-4969-a2ba-9faaeaa4e7d4','f5133f48-60df-4171-bf26-050c483d8fc8','https://res.cloudinary.com/matthew1010100/image/upload/v1772970146/tfg/nvflc0toaa99xzdncobh.webp'),('db34c9ec-12b8-47bd-a507-acba03007061','bf8f866a-ee09-40aa-bbd9-b564a8a1f382','https://res.cloudinary.com/matthew1010100/image/upload/v1772970777/tfg/tgeobderpqkfwpbgnrx3.webp'),('dbc757ae-0411-4af8-a1e7-9bb32ba61431','cda55d17-f81d-4475-8c86-b50d157558d2','https://res.cloudinary.com/matthew1010100/image/upload/v1772916492/tfg/espxncehcdgzcir4wpni.webp'),('dcdb3c0a-ce46-4982-94cc-ca56000086a7','be46dd52-ac4b-43d7-85ac-25baa7866b82','https://res.cloudinary.com/matthew1010100/image/upload/v1772970422/tfg/re35ofep0hx2hjsgfwy9.webp'),('de76a169-6201-4054-9429-eef8a88b78ec','23f6e8f8-1e6b-44d2-a204-49879d53e2c0','https://res.cloudinary.com/matthew1010100/image/upload/v1772970038/tfg/kdegwrfigy9vnbupvbrg.webp'),('df116e9d-fcf3-46a1-bc26-e3aaef1c8a67','bf8f866a-ee09-40aa-bbd9-b564a8a1f382','https://res.cloudinary.com/matthew1010100/image/upload/v1772970776/tfg/x0mpokyr6mz062ab7rvk.webp'),('e1820590-e0b7-4769-8965-d530e9831ce7','c08c9109-b053-40b6-b4f7-040ac5aa165a','https://res.cloudinary.com/matthew1010100/image/upload/v1772916530/tfg/i4zvgt4l7tcyy7kcsmtl.webp'),('e194a717-63c4-483e-95a2-e7de93ec613b','82e2f5a1-1ac2-4009-9583-22e8b8ba9d5b','https://res.cloudinary.com/matthew1010100/image/upload/v1772970185/tfg/nz8ibveo0patdmeq7ysn.webp'),('e2c99818-3cc0-447a-b86f-bc65e26fab3f','257807dc-6e5a-4c2f-9e94-62c0458dfe0b','https://res.cloudinary.com/matthew1010100/image/upload/v1772968997/tfg/qihmd8a2rufqjh0zvoji.webp'),('e2f15512-681c-41bb-996b-fd87504851be','3e7b55e8-a053-4960-8a3d-1973d1d31d7d','https://res.cloudinary.com/matthew1010100/image/upload/v1772918322/tfg/xmfp6ajtgrqxznihrded.webp'),('e3372b83-961e-4575-b202-03eeeafa3e60','10357984-7aa1-4b80-a6f2-e1d85b0983b4','https://res.cloudinary.com/matthew1010100/image/upload/v1772970535/tfg/utgbiycaeyclmxzrl0hg.webp'),('e3a20eb9-1aed-4560-a331-94c6f8f03a84','881c7026-69fe-472e-84b3-9a7f8dfd0c92','https://res.cloudinary.com/matthew1010100/image/upload/v1772970720/tfg/u48ck3piwwkwxc3qu3vm.webp'),('e5c32787-9551-4768-96d0-66e3adb229a2','1cf09b5b-4e61-49a8-b7f1-8337c70158a4','https://res.cloudinary.com/matthew1010100/image/upload/v1772970076/tfg/ccar4lhwrrsiocrjv4wi.webp'),('e663fcdc-3fbb-48d1-81cb-4468393e9f10','609f5f68-120c-429d-a73f-f4154afdb865','https://res.cloudinary.com/matthew1010100/image/upload/v1772970688/tfg/qhhsos4keyh2lbh4ui1v.webp'),('e801a21b-cfa9-4bc0-8efa-4c77d2995c59','0d737343-6139-427c-ab64-fa27500a1fd8','https://res.cloudinary.com/matthew1010100/image/upload/v1772969135/tfg/i5dcin11tz4qcuzxzmav.webp'),('e85e678a-4030-4f39-ad1a-a3649fdec226','8aab7222-760e-456d-8d47-cbe14f78508d','https://res.cloudinary.com/matthew1010100/image/upload/v1772916270/tfg/kwqqoc52lmju57efvs6u.webp'),('e9d5bc83-eb0d-4366-8cc5-77df32bb72d6','57558f01-81c3-414e-8b9f-5288edcf84dd','https://res.cloudinary.com/matthew1010100/image/upload/v1772969164/tfg/huv9ku1q9ccog1cmv17c.webp'),('eab86a95-301f-48d6-9f01-1a5989f60749','1178c22f-2193-44e8-92f8-81f197222ede','https://res.cloudinary.com/matthew1010100/image/upload/v1772969061/tfg/ghqg3sdndz5z4h32gqft.webp'),('ec1b68bc-f926-42f2-a178-f4fbde5cccae','80134a71-a1af-413b-9808-30c543063f58','https://res.cloudinary.com/matthew1010100/image/upload/v1772970656/tfg/fdjt4nncy8xjnzvsplie.webp'),('efcaf108-0cb1-4ea2-a235-4ca423300499','57558f01-81c3-414e-8b9f-5288edcf84dd','https://res.cloudinary.com/matthew1010100/image/upload/v1772969162/tfg/thta3xqrcofwd7dga20d.webp'),('f47875fb-5017-449e-8e2e-7c7b59a42e49','3b8bf5ec-53c2-409b-b06b-b915a945c34c','https://res.cloudinary.com/matthew1010100/image/upload/v1772915884/tfg/uarqbm7aexjbxip6qodm.webp'),('f64a5ff5-ea06-46a4-bd7e-75895fe4b0f1','47dbc514-8210-4380-acf5-436a7b2f193f','https://res.cloudinary.com/matthew1010100/image/upload/v1772970810/tfg/fpjlu0xubfc5lrsezg5n.webp'),('f7b35d2a-1ad4-4d0f-a0e8-1aa415f19835','0d737343-6139-427c-ab64-fa27500a1fd8','https://res.cloudinary.com/matthew1010100/image/upload/v1772969134/tfg/ssmwjwelniulwbkmbv4m.webp'),('f87f1d22-f19b-4b38-8c5e-e50a3bc9799e','00c2ab7b-699c-4a1b-86c6-a6100d195f96','https://res.cloudinary.com/matthew1010100/image/upload/v1772970465/tfg/sk5psjyqg3zw9jqatvhq.webp'),('f8d3fb0b-657b-4858-83e9-45fb4ea89b94','453c089f-de35-423e-8e4e-08d398ca2fd9','https://res.cloudinary.com/matthew1010100/image/upload/v1772968876/tfg/o7z358fmjgyyc7as8qdf.webp'),('f8f0e182-6126-4f24-ade3-575495dcfaec','c08c9109-b053-40b6-b4f7-040ac5aa165a','https://res.cloudinary.com/matthew1010100/image/upload/v1772916529/tfg/hxa9apqbeksf2gnyc1r0.webp'),('f9fa973f-b544-459e-9147-dfbc43570d72','881c7026-69fe-472e-84b3-9a7f8dfd0c92','https://res.cloudinary.com/matthew1010100/image/upload/v1772970722/tfg/ld1sc7tjyjjkhfvyhvsl.webp'),('fd72d66d-1670-453a-9f6f-6c893574eb73','4f6867cd-a8cb-4e26-9a4b-086566c820c2','https://res.cloudinary.com/matthew1010100/image/upload/v1772970117/tfg/h5rsxmxe8tajytievl9i.webp'),('fe1b1fe3-827a-47f6-b538-77f59a3adcc0','be46dd52-ac4b-43d7-85ac-25baa7866b82','https://res.cloudinary.com/matthew1010100/image/upload/v1772970423/tfg/hfocyv4rc03o0sprsmle.webp'),('fe85a784-67b6-4c86-8e9f-ac5acfedc1cb','1cf09b5b-4e61-49a8-b7f1-8337c70158a4','https://res.cloudinary.com/matthew1010100/image/upload/v1772970077/tfg/mtplhqzbbgwgf4ylhzs2.webp'),('ff580605-543a-4dcc-a1a6-588bc5ae95c5','a02af2bd-be09-4b89-b36a-9ac483e101c9','https://res.cloudinary.com/matthew1010100/image/upload/v1772970601/tfg/bnqagidwvt5hk6usuqxv.webp');
/*!40000 ALTER TABLE `images` ENABLE KEYS */;
UNLOCK TABLES;

--
-- Table structure for table `trips`
--

DROP TABLE IF EXISTS `trips`;
/*!40101 SET @saved_cs_client     = @@character_set_client */;
/*!50503 SET character_set_client = utf8mb4 */;
CREATE TABLE `trips` (
  `id` char(36) NOT NULL,
  `company_id` char(36) NOT NULL,
  `guide_id` char(36) NOT NULL,
  `title` varchar(255) NOT NULL,
  `trip_description` text NOT NULL,
  `continent` enum('Europe','America','Africa','Asia','Oceania') NOT NULL,
  `country` varchar(64) NOT NULL,
  `city` varchar(64) NOT NULL,
  `price` decimal(6,2) NOT NULL,
  `currency` enum('EUR','GBP','USD','CHF','CNY') NOT NULL,
  `stock` int NOT NULL,
  `start_date` date NOT NULL,
  `end_date` date NOT NULL,
  `rating` decimal(2,1) NOT NULL,
  `is_discount` tinyint(1) NOT NULL DEFAULT '0',
  `discount_percentage` int NOT NULL DEFAULT '0',
  PRIMARY KEY (`id`),
  KEY `company_id` (`company_id`),
  KEY `guide_id` (`guide_id`),
  CONSTRAINT `trips_ibfk_1` FOREIGN KEY (`company_id`) REFERENCES `companies` (`id`) ON DELETE CASCADE ON UPDATE CASCADE,
  CONSTRAINT `trips_ibfk_2` FOREIGN KEY (`guide_id`) REFERENCES `guides` (`id`) ON DELETE CASCADE ON UPDATE CASCADE
) ENGINE=InnoDB DEFAULT CHARSET=utf8mb4 COLLATE=utf8mb4_0900_ai_ci;
/*!40101 SET character_set_client = @saved_cs_client */;

--
-- Dumping data for table `trips`
--

LOCK TABLES `trips` WRITE;
/*!40000 ALTER TABLE `trips` DISABLE KEYS */;
INSERT INTO `trips` VALUES ('00c2ab7b-699c-4a1b-86c6-a6100d195f96','5eb2c9e9-3d65-4e69-bc64-782d383b41c2','844f0154-a67e-4ca7-a6c5-059e1816f228','Rebel Art','Discover Eastern Europe\'s most alternative and artistic side in Bratislava, a small capital full of surprises. You\'ll find quirky statues peeking out of manholes, giant murals on Soviet-era building facades, bars in ruins turned into art galleries and an emerging food scene that is putting Slovakia on the map. All of it on the banks of the Danube and at prices you won\'t find in any other European capital.','Europe','Slovakia','Bratislava',850.00,'EUR',45,'2026-10-05','2026-10-08',4.6,0,0),('0d737343-6139-427c-ab64-fa27500a1fd8','5eb2c9e9-3d65-4e69-bc64-782d383b41c2','b50f60c3-5f2a-4fe5-8e55-6efded4918ce','Ancient Roots','Wander among centuries-old olive trees and savor the most authentic Cretan cuisine with the Mediterranean as your backdrop. Crete is the birthplace of the Mediterranean diet: you\'ll cook with local ingredients alongside village families, visit monasteries hidden in the mountains, swim in impossibly blue waters and understand why this island is one of the places on Earth where people live longest and best.','Europe','Greece','Chania',1300.00,'EUR',30,'2026-08-10','2026-08-16',4.4,0,0),('10357984-7aa1-4b80-a6f2-e1d85b0983b4','5eb2c9e9-3d65-4e69-bc64-782d383b41c2','06b8ccf6-fd39-4dcf-8ee4-e8c27adce708','Divine Coast','Sail the Amalfi Coast on a private yacht between pastel-colored villages clinging to cliffs, lemon trees perfuming the air and waters so intensely blue they seem unreal. You\'ll anchor in exclusive coves inaccessible by land, lunch on fresh pasta in Positano, toast with homemade limoncello in Ravello and watch sunsets that explain why the gods chose this coast as their home. The Mediterranean at its most sublime.','Europe','Italy','Amalfi',3500.00,'EUR',15,'2026-06-08','2026-06-14',4.1,0,0),('1178c22f-2193-44e8-92f8-81f197222ede','5eb2c9e9-3d65-4e69-bc64-782d383b41c2','cec08cfd-3f48-463c-8f2e-b5cd362d5f68','Alpine Mirror','Wake up to the most magical lake in Europe, where a tiny church on an island seems to float in the morning mist. Bled is a fairytale place: you\'ll walk around the lake, climb to the medieval castle watching from above, try the famous cream cake and row a traditional pletna boat to the island to ring the wishing bell. Absolute peace nestled in the Julian Alps.','Europe','Slovenia','Bled',1250.00,'EUR',32,'2026-07-15','2026-07-19',4.1,0,0),('18e569fd-9532-45c7-b383-a9d2e8db7275','5eb2c9e9-3d65-4e69-bc64-782d383b41c2','844f0154-a67e-4ca7-a6c5-059e1816f228','Urban Dolce Vita','Get lost in the streets of Rome\'s Trastevere among family-run trattorias, vespas parked on every corner and the golden light that makes Rome look like a living painting. Beyond the Colosseum and the Vatican, you\'ll discover neighborhoods like Testaccio and Monti, where Romans actually live, eat and enjoy. You\'ll taste the best carbonara of your life, sip an aperitivo watching the Tiber flow by and understand why all roads lead to Rome.','Europe','Italy','Rome',1200.00,'EUR',36,'2026-08-17','2026-08-21',4.9,0,0),('1b16baa3-fa93-44d7-8e83-163a91b7cdd9','5eb2c9e9-3d65-4e69-bc64-782d383b41c2','d7ea5f25-f52b-4b5f-af16-3e84404c9227','Tyrolean Vertigo','Tackle the most thrilling via ferratas in the Austrian Tyrol, suspended between sky and valley thousands of meters up with only a harness and your hands. You\'ll cross Tibetan bridges over abysses, scale walls fitted with iron rungs and reach summits with 360-degree Alpine views. In the afternoons, Innsbruck awaits with its craft beer and vibrant mix of Tyrolean culture and university life.','Europe','Austria','Innsbruck',1600.00,'EUR',20,'2026-08-27','2026-09-01',4.8,1,20),('1cf09b5b-4e61-49a8-b7f1-8337c70158a4','5eb2c9e9-3d65-4e69-bc64-782d383b41c2','d8d39325-d62d-4260-a08f-1542ce51d302','Canals and Secrets','Cycle along centuries-old canals, crooked houses and floating markets in Europe\'s most free-spirited and tolerant city. Amsterdam goes far beyond the clichés: you\'ll discover neighborhoods like Jordaan and De Pijp with their cozy cafés, independent galleries and design shops. You\'ll visit iconic museums, cruise the canals at sunset and understand why the Dutch have mastered the art of living on water like no one else.','Europe','Netherlands','Amsterdam',1200.00,'EUR',35,'2026-06-25','2026-06-29',4.7,0,0),('23f6e8f8-1e6b-44d2-a204-49879d53e2c0','5eb2c9e9-3d65-4e69-bc64-782d383b41c2','844f0154-a67e-4ca7-a6c5-059e1816f228','Electric Nights','Experience Berlin\'s underground scene among giant murals, galleries in abandoned buildings and legendary clubs where the music doesn\'t stop until Monday. But Berlin is so much more than nightlife: you\'ll walk the Wall, visit world-class museums, eat street food from every culture on the planet and feel the energy of a city that reinvents itself every day without asking anyone\'s permission.','Europe','Germany','Berlin',1150.00,'EUR',38,'2026-06-11','2026-06-15',4.2,0,0),('257807dc-6e5a-4c2f-9e94-62c0458dfe0b','5eb2c9e9-3d65-4e69-bc64-782d383b41c2','179f3a08-278d-4a8a-9d0c-75403d2f979f','Golden Hills','Taste the finest Tuscan wines among endless vineyards, solitary cypress trees and honey-colored sunsets that seem painted by Renaissance masters. You\'ll visit family-run wineries where winemaking traditions pass from generation to generation, wander through golden-stone medieval hilltowns and dine on handmade fresh pasta in agriturismos with sweeping valley views. A feast for all the senses.','Europe','Italy','Val d\'Orcia',1500.00,'EUR',28,'2026-07-01','2026-07-06',4.1,0,0),('2dda667b-105e-4de7-bab3-675a262b98a9','5eb2c9e9-3d65-4e69-bc64-782d383b41c2','818780af-f728-4b5d-84ea-241efdd7c89d','Gothic Shadows','Explore the medieval alleyways of Barcelona\'s Gothic Quarter, where every corner hides a legend, a natural wine bar or a spot that feels straight out of a Carlos Ruiz Zafón novel. Beyond La Rambla you\'ll discover secret courtyards, hidden churches, contemporary art galleries and rooftop terraces with views of a skyline where old and new coexist in a fascinating, chaotic harmony.','Europe','Spain','Barcelona',1050.00,'EUR',40,'2026-06-04','2026-06-08',4.5,0,0),('2df65fe7-61f1-41e3-b0ad-cbb9c2fd7a48','5eb2c9e9-3d65-4e69-bc64-782d383b41c2','06b8ccf6-fd39-4dcf-8ee4-e8c27adce708','Star Flavor','Live a world-class gastronomic experience in San Sebastián, the city with the most Michelin stars per square meter on the planet. You\'ll hop from pintxo to pintxo through the Parte Vieja, visit centuries-old cider houses in the countryside, attend Basque cooking workshops and dine at restaurants where every dish is a work of art. All framed by La Concha bay, one of Europe\'s most beautiful urban beaches.','Europe','Spain','San Sebastián',2500.00,'EUR',20,'2026-09-28','2026-10-03',4.7,0,0),('32104f67-0876-4230-af6d-69a67a2102a5','5eb2c9e9-3d65-4e69-bc64-782d383b41c2','d7ea5f25-f52b-4b5f-af16-3e84404c9227','Rock and Sea','Climb limestone walls with the infinite blue of the Aegean at your feet in Kalymnos, the world capital of sport climbing. The island offers over 3,000 routes for all levels, and at the end of each day a swim in secluded coves and dinner at seaside tavernas with freshly caught fish await you. The perfect blend of physical challenge and carefree Mediterranean living.','Europe','Greece','Kalymnos',1450.00,'EUR',22,'2026-06-16','2026-06-21',4.9,0,0),('3b8bf5ec-53c2-409b-b06b-b915a945c34c','5eb2c9e9-3d65-4e69-bc64-782d383b41c2','3efe963d-5f44-40cd-8214-d091ab3cdc51','Alpine Summits','Conquer the most breathtaking peaks of the Swiss Alps on an adventure that will test your endurance and reward you with views that take your breath away. You\'ll hike high-mountain trails between glaciers, turquoise lakes and alpine meadows, with stops at stone refuges where fondue tastes better than in any restaurant. Every step brings you closer to the sky.','Europe','Switzerland','Zermatt',1850.00,'EUR',20,'2026-06-02','2026-06-07',4.4,0,0),('3e7b55e8-a053-4960-8a3d-1973d1d31d7d','5eb2c9e9-3d65-4e69-bc64-782d383b41c2','d7ea5f25-f52b-4b5f-af16-3e84404c9227','Alpine Flight','Launch yourself into the void from the mountains of Interlaken and soar over emerald lakes and snow-capped peaks in Europe\'s paragliding capital. Beyond the flight, you\'ll explore glacial caves, bungee jump over the Aare river and hike panoramic trails between lakes Thun and Brienz. A short escape so intense you\'ll need a holiday from your holiday.','Europe','Switzerland','Interlaken',1900.00,'EUR',18,'2026-08-01','2026-08-04',4.0,0,0),('453c089f-de35-423e-8e4e-08d398ca2fd9','5eb2c9e9-3d65-4e69-bc64-782d383b41c2','179f3a08-278d-4a8a-9d0c-75403d2f979f','Imperial Steam','Immerse yourself in Europe\'s most opulent thermal baths, where Art Nouveau architecture embraces steaming pools that Hungarians have enjoyed for centuries. You\'ll visit the legendary Széchenyi and Gellért, stroll along the Danube at sunset and discover that Budapest is a city made for the pleasure of the senses: great food, fine wines and a pace of life that invites you to stay.','Europe','Hungary','Budapest',1200.00,'EUR',35,'2026-06-01','2026-06-05',4.0,0,0),('47dbc514-8210-4380-acf5-436a7b2f193f','5eb2c9e9-3d65-4e69-bc64-782d383b41c2','06b8ccf6-fd39-4dcf-8ee4-e8c27adce708','White Summit','Wake up facing the Matterhorn in a luxury chalet with a crackling fireplace, private spa and pristine snow as far as the eye can see. Zermatt in winter is paradise for discerning skiers: immaculate pistes, queue-free lifts, fondue in mountain refuges and the privilege of watching one of the world\'s most iconic mountains blush pink with every sunrise. Alpine luxury in its purest state.','Europe','Switzerland','Zermatt',3600.00,'EUR',16,'2026-12-01','2026-12-07',4.1,0,0),('4f6867cd-a8cb-4e26-9a4b-086566c820c2','5eb2c9e9-3d65-4e69-bc64-782d383b41c2','818780af-f728-4b5d-84ea-241efdd7c89d','Rooftops of Paris','Discover the Paris tourists never see: secret rooftops with views of Montmartre, bistros where Parisians actually eat, hidden bookshops along the Seine and inner courtyards that are tiny oases of calm. You\'ll browse street markets, taste freshly baked croissants from century-old bakeries and walk through neighborhoods like Le Marais and Belleville, where the City of Light reveals its most authentic and vibrant face.','Europe','France','Paris',1400.00,'EUR',30,'2026-07-06','2026-07-10',4.4,0,0),('56331f5f-d591-4120-a320-ccedc8c70521','5eb2c9e9-3d65-4e69-bc64-782d383b41c2','06b8ccf6-fd39-4dcf-8ee4-e8c27adce708','Infinite Aegean','Watch the world\'s most famous sunset from an infinity pool suspended above Santorini\'s volcanic caldera, a glass of assyrtiko wine in hand and the Aegean stretching to infinity. You\'ll stay in a luxury cave suite carved into the white rock, dine at restaurants where modern Greek cuisine is served under the stars and wander through villages where every corner is a postcard the entire world envies.','Europe','Greece','Oia',3200.00,'EUR',16,'2026-06-22','2026-06-28',4.7,0,0),('57558f01-81c3-414e-8b9f-5288edcf84dd','5eb2c9e9-3d65-4e69-bc64-782d383b41c2','cec08cfd-3f48-463c-8f2e-b5cd362d5f68','Silk Reflections','Glide gently across the waters of Italy\'s most elegant lake between dreamy villas, botanical gardens and pastel-colored villages shyly peering from the shore. Lake Como has been a refuge for artists, aristocrats and dreamers for centuries, and you\'ll understand why the moment you see the afternoon light bathe the surrounding mountains. Slowness, beauty and la dolce vita in its purest form.','Europe','Italy','Bellagio',1600.00,'EUR',22,'2026-08-24','2026-08-29',4.8,0,0),('609f5f68-120c-429d-a73f-f4154afdb865','5eb2c9e9-3d65-4e69-bc64-782d383b41c2','06b8ccf6-fd39-4dcf-8ee4-e8c27adce708','Dinner on the Walls','Savor exquisite Dalmatian haute cuisine on private terraces overlooking the Adriatic\'s most imposing medieval walls as the sun sinks behind the Elafiti Islands. Dubrovnik is a movie set — literally — and you\'ll experience it from its finest angles: exclusive dinners in converted palaces, private boat tours through crystalline waters, guided walks through the ancient city and sunsets that justify every cent of the trip.','Europe','Croatia','Dubrovnik',2600.00,'EUR',20,'2026-08-03','2026-08-08',4.0,0,0),('641090a6-334c-4bbb-8c93-34c749460e5d','5eb2c9e9-3d65-4e69-bc64-782d383b41c2','06b8ccf6-fd39-4dcf-8ee4-e8c27adce708','Secret Island','Escape to a private villa on the island of Hvar, where the only luxury is solitude, crystal-clear sea and lavender fields perfuming the Adriatic air. You\'ll sail between deserted islands, dine in exclusive konobas on freshly caught fish, visit boutique wineries and discover beaches accessible only by boat. Croatia at its most intimate and sophisticated, far from everything and close to paradise.','Europe','Croatia','Hvar',2900.00,'EUR',18,'2026-09-14','2026-09-19',4.6,1,15),('69586edb-0492-4d03-a2b6-7778e18a3a49','5eb2c9e9-3d65-4e69-bc64-782d383b41c2','cec08cfd-3f48-463c-8f2e-b5cd362d5f68','Balearic Calm','Rest on secret white-sand coves with crystal-clear water in Menorca, the Balearic island that resists mass tourism. Away from the crowds, you\'ll discover beaches accessible only on foot through pine forests, whitewashed villages full of charm, lighthouses perched on cliff edges and a seafood cuisine that will have you ordering seconds of every dish. The perfect place to truly disconnect with the Mediterranean as your only soundtrack.','Europe','Spain','Menorca',1100.00,'EUR',40,'2026-06-22','2026-06-27',4.9,0,0),('6e1a3be4-44f4-4f0e-8b43-d6f8b13c5279','5eb2c9e9-3d65-4e69-bc64-782d383b41c2','b50f60c3-5f2a-4fe5-8e55-6efded4918ce','Violet Soul','Lose yourself among endless lavender fields at sunset in the French Provence, where time stands still and the fragrance envelops everything. You\'ll browse village markets filled with cheese, honey and handmade soaps, visit medieval abbeys surrounded by cypress trees and dine al fresco under starry skies with a glass of rosé in hand. A journey that heals the soul without you even noticing.','Europe','France','Valensole',1350.00,'EUR',30,'2026-06-15','2026-06-20',4.8,0,0),('70e903d9-a187-4dfe-a921-7082b3ffc526','5eb2c9e9-3d65-4e69-bc64-782d383b41c2','179f3a08-278d-4a8a-9d0c-75403d2f979f','Golden Cliffs','Watch unforgettable sunsets from sea caves and golden beaches in southern Portugal, where the Atlantic has sculpted the coast into arches, grottoes and rock formations that glow like gold at dusk. You\'ll hike coastal trails between fishing villages, taste cataplanas and Alentejo wines, and understand why the Algarve captivates everyone who visits without ever losing its authenticity.','Europe','Portugal','Lagos',1150.00,'EUR',35,'2026-09-01','2026-09-06',4.8,0,0),('759ceae3-e45c-409e-835f-202220dd2b0d','5eb2c9e9-3d65-4e69-bc64-782d383b41c2','179f3a08-278d-4a8a-9d0c-75403d2f979f','English Charm','Rest in honey-colored stone cottages among rolling meadows, perfect hedgerows and villages where time seems to have stopped in the 18th century. The Cotswolds are the essence of the English countryside: you\'ll enjoy afternoon tea by the fireplace, visit secret gardens, walk through paths lined with sheep and discover centuries-old pubs where warm ale is served just as tradition demands.','Europe','United Kingdom','Cotswolds',1400.00,'EUR',26,'2026-08-03','2026-08-08',4.8,0,0),('80134a71-a1af-413b-9808-30c543063f58','5eb2c9e9-3d65-4e69-bc64-782d383b41c2','06b8ccf6-fd39-4dcf-8ee4-e8c27adce708','Crystal Train','Cross the Swiss Alps aboard the Glacier Express, the world\'s most famous panoramic train, while enjoying gourmet cuisine served in carriages with glass ceilings that frame snow-capped peaks, vertiginous bridges and picture-perfect valleys. Complete the experience with nights in luxury hotels in St. Moritz, horse-drawn carriage rides and fireside dinners in a setting that defines what it means to travel in style.','Europe','Switzerland','St. Moritz',3800.00,'EUR',15,'2026-07-20','2026-07-26',4.3,0,0),('82e2f5a1-1ac2-4009-9583-22e8b8ba9d5b','5eb2c9e9-3d65-4e69-bc64-782d383b41c2','d8d39325-d62d-4260-a08f-1542ce51d302','Golden Tram','Ride Lisbon\'s iconic yellow tram across its seven hills between tiled facades, breathtaking viewpoints and the distant sound of fado drifting through an open window. Lisbon is a city lived with your feet on its cobblestones and your eyes always looking up: you\'ll wander through Alfama, taste freshly baked pastéis de nata in Belém and toast with ginjinha in some corner of Bairro Alto.','Europe','Portugal','Lisbon',950.00,'EUR',45,'2026-07-20','2026-07-24',4.5,0,0),('856dc021-3e88-4dbe-b836-24ce2d21c415','5eb2c9e9-3d65-4e69-bc64-782d383b41c2','cec08cfd-3f48-463c-8f2e-b5cd362d5f68','Danube Valley','Cruise along the Danube between terraced vineyards, baroque abbeys and Austrian villages that time seems to have forgotten. The Wachau Valley is a UNESCO World Heritage Site for a reason: every bend in the river reveals a ruined castle, a terrace of Grüner Veltliner grapes or a small tavern serving the best Apfelstrudel of your life. A river journey to be savored without haste.','Europe','Austria','Wachau Valley',1450.00,'EUR',28,'2026-10-05','2026-10-10',4.3,0,0),('881c7026-69fe-472e-84b3-9a7f8dfd0c92','5eb2c9e9-3d65-4e69-bc64-782d383b41c2','06b8ccf6-fd39-4dcf-8ee4-e8c27adce708','Monaco Skies','Soar by helicopter over the French Riviera, land in the world\'s most exclusive principality and live a few days where luxury knows no limit. You\'ll visit the Casino de Monte-Carlo, dine at restaurants overlooking a harbor packed with superyachts, walk the Formula 1 circuit on foot and enjoy an experience that blends glamour, adrenaline and the timeless elegance of the Côte d\'Azur at its absolute finest.','Europe','Monaco','Monte Carlo',4200.00,'EUR',15,'2026-08-17','2026-08-22',4.0,0,0),('8aab7222-760e-456d-8d47-cbe14f78508d','5eb2c9e9-3d65-4e69-bc64-782d383b41c2','3efe963d-5f44-40cd-8214-d091ab3cdc51','Brave Lands','Ride through the Scottish Highlands between mist, dark lochs and heather-covered hills that seem pulled from another era. You\'ll cross valleys where only the wind can be heard, stop at centuries-old whisky distilleries and sleep in rustic lodges with crackling fireplaces. A trip for those who love mountain biking and landscapes that make you feel small before nature.','Europe','United Kingdom','Fort William',1650.00,'EUR',24,'2026-06-23','2026-06-28',4.1,0,0),('8b2a4f1b-40ec-4ccb-91a0-4c433dfec952','5eb2c9e9-3d65-4e69-bc64-782d383b41c2','3efe963d-5f44-40cd-8214-d091ab3cdc51','Emerald River','Challenge the rapids of Europe\'s most beautiful river, whose impossibly green waters wind through pristine valleys in the Julian Alps. You\'ll combine rafting, kayaking and canyoning with hiking through pine-scented forests, and in the evening enjoy Slovenian cuisine in small family-run inns. A destination few know about but nobody forgets.','Europe','Slovenia','Soča Valley',1400.00,'EUR',22,'2026-08-07','2026-08-12',4.3,0,0),('9423bc17-f625-4ba6-93aa-62a932f65af6','5eb2c9e9-3d65-4e69-bc64-782d383b41c2','d7ea5f25-f52b-4b5f-af16-3e84404c9227','Titanic Waves','Face the biggest waves in Europe on the Portuguese coast where the Atlantic Ocean roars with legendary fury. Even if you don\'t ride the giant swells, you\'ll enjoy intense surf sessions, learn from local instructors and feel the raw power of the sea from the cliffs of São Miguel Arcanjo fort. Three days of pure salty adrenaline.','Europe','Portugal','Nazaré',1300.00,'EUR',16,'2026-07-08','2026-07-11',4.6,0,0),('9fd656ba-7dc1-410c-b1a1-f3f913456c5d','5eb2c9e9-3d65-4e69-bc64-782d383b41c2','801d9723-3424-49e2-bdd6-067a4194e76e','Eternal Ice','Walk across ancient blue-ice glaciers on an expedition into Iceland\'s frozen heart. Equipped with crampons and ice axes, you\'ll explore ice caves, deep crevasses and formations that seem from another planet. Complete the experience with visits to monumental waterfalls, black sand beaches and nights in cabins overlooking volcanic landscapes that defy the imagination.','Europe','Iceland','Vatnajökull',2200.00,'EUR',16,'2026-08-18','2026-08-24',4.6,1,25),('a02af2bd-be09-4b89-b36a-9ac483e101c9','5eb2c9e9-3d65-4e69-bc64-782d383b41c2','06b8ccf6-fd39-4dcf-8ee4-e8c27adce708','Golden Bubbles','Enjoy exclusive champagne tastings in private châteaux surrounded by centuries-old vineyards in the region that invented the world\'s most celebrated sparkling wine. You\'ll tour underground cellars with miles of galleries where millions of bottles rest in silence, lunch at Michelin-starred restaurants and learn the art of sabrage from winemakers who have spent generations perfecting every vintage. A journey for discerning palates.','Europe','France','Épernay',2800.00,'EUR',18,'2026-07-06','2026-07-11',4.6,0,0),('a76474af-7df3-4c98-b2ad-215cba6a9c04','5eb2c9e9-3d65-4e69-bc64-782d383b41c2','818780af-f728-4b5d-84ea-241efdd7c89d','Bohemian Clock','Walk through Prague\'s old town where every square, every bridge and every tower feels like a movie set that has survived wars and empires. You\'ll cross Charles Bridge at dawn with no tourists, get lost in the cobblestone alleys of the Jewish Quarter, discover underground breweries with centuries of history and gaze over the city from the world\'s largest castle as the Vltava river shimmers below.','Europe','Czech Republic','Prague',1000.00,'EUR',38,'2026-08-03','2026-08-07',4.3,1,10),('be46dd52-ac4b-43d7-85ac-25baa7866b82','5eb2c9e9-3d65-4e69-bc64-782d383b41c2','818780af-f728-4b5d-84ea-241efdd7c89d','Colorful Facades','Stroll along Scandinavia\'s most cheerful harbor among Nyhavn\'s colorful houses, Nordic design shops and cafés where the concept of hygge comes to life. Copenhagen is a city best explored by bike: you\'ll pedal between palaces, Tivoli gardens, street food markets and creative districts like Nørrebro and Christiania. A city that proves you can be modern, sustainable and charming all at once.','Europe','Denmark','Copenhagen',1350.00,'EUR',30,'2026-09-21','2026-09-25',4.2,0,0),('bf8f866a-ee09-40aa-bbd9-b564a8a1f382','5eb2c9e9-3d65-4e69-bc64-782d383b41c2','06b8ccf6-fd39-4dcf-8ee4-e8c27adce708','Medieval Fairytale','Sleep in a boutique hotel beside the medieval canals of Bruges, Belgium\'s most romantic city, where every cobblestone street feels pulled from a storybook. You\'ll taste handcrafted chocolates in century-old workshops, cruise canals on a private boat, visit Trappist breweries and dine at restaurants that transform Flemish cooking into a fine-dining experience. Medieval elegance with contemporary comfort.','Europe','Belgium','Bruges',2400.00,'EUR',22,'2026-09-07','2026-09-12',4.6,0,0),('c08c9109-b053-40b6-b4f7-040ac5aa165a','5eb2c9e9-3d65-4e69-bc64-782d383b41c2','801d9723-3424-49e2-bdd6-067a4194e76e','Midnight Sun','Hike under a sky that never darkens along the most dramatic coastline in the Arctic. The Lofoten Islands offer white sand beaches backed by vertical mountains, fishing villages with red wooden cabins and a permanent golden light that turns every moment into a postcard. You\'ll trek coastal paths, fish for cod and sleep in traditional rorbuer perched above the water.','Europe','Norway','Lofoten Islands',2350.00,'EUR',15,'2026-07-22','2026-07-28',4.4,0,0),('c702cf4b-c2c6-408a-9aeb-d8bd65d0c4dc','5eb2c9e9-3d65-4e69-bc64-782d383b41c2','b50f60c3-5f2a-4fe5-8e55-6efded4918ce','Northern Lights','Rest in a wooden cabin with a private sauna among snowy forests in Finnish Lapland, waiting for the spectacle of the aurora borealis dancing across the night sky. During the day you\'ll traverse white forests by sleigh, visit reindeer farms and sip hot chocolate by the fire. A winter retreat where the silence of the Arctic becomes the greatest luxury of all.','Europe','Finland','Rovaniemi',2100.00,'EUR',18,'2026-11-15','2026-11-21',4.2,0,0),('cda55d17-f81d-4475-8c86-b50d157558d2','5eb2c9e9-3d65-4e69-bc64-782d383b41c2','3efe963d-5f44-40cd-8214-d091ab3cdc51','Emerald Gorge','Descend through limestone canyons, leap into turquoise pools and navigate whitewater rapids in the most impressive gorge in France. The Verdon is a paradise for canyoning, kayaking and climbing, surrounded by pine forests and lavender fields. After each day of adventure, Provence welcomes you with its cuisine and rosé wines at sunset.','Europe','France','Gorges du Verdon',1550.00,'EUR',20,'2026-07-14','2026-07-19',4.4,1,40),('d03448db-f91a-47af-acba-dce868827047','5eb2c9e9-3d65-4e69-bc64-782d383b41c2','d8d39325-d62d-4260-a08f-1542ce51d302','Scottish Mist','Walk the Royal Mile under a fine rain that makes the cobblestones glisten and discover why Edinburgh is Europe\'s most mysterious and literary city. You\'ll visit underground crypts where ghost stories are told, climb Arthur\'s Seat for panoramic city views, explore centuries-old pubs where whisky flows generously and soak in the gothic atmosphere that inspired writers like Stevenson and J.K. Rowling.','Europe','United Kingdom','Edinburgh',1150.00,'EUR',32,'2026-09-07','2026-09-11',4.1,0,0),('dfe045a4-d371-4ff5-8abe-e854eaa41b1e','5eb2c9e9-3d65-4e69-bc64-782d383b41c2','b50f60c3-5f2a-4fe5-8e55-6efded4918ce','Blue Lagoon','Relax in impossibly milky-blue geothermal waters as steam rises over a volcanic landscape that seems from another planet. Beyond the famous lagoon, you\'ll discover hidden hot springs, moss-covered lava fields and the raw beauty of the Reykjanes peninsula. A total reset for body and mind in one of the most singular places on Earth.','Europe','Iceland','Grindavík',1800.00,'EUR',25,'2026-07-08','2026-07-12',4.9,0,0),('f0dbd4fd-048f-42bc-badc-c7fc782f9709','5eb2c9e9-3d65-4e69-bc64-782d383b41c2','801d9723-3424-49e2-bdd6-067a4194e76e','Needles of Dawn','Trek the most spectacular trails of the Italian Dolomites as sunrise paints the peaks in shades of pink, orange and gold. You\'ll walk between rock spires that resemble natural cathedrals, cross hanging bridges over ravines and rest in mountain refuges where homemade pasta is served with views no photograph can capture. A European trekking classic that never disappoints.','Europe','Italy','Cortina d\'Ampezzo',1750.00,'EUR',25,'2026-07-01','2026-07-06',4.4,0,0),('f5133f48-60df-4171-bf26-050c483d8fc8','5eb2c9e9-3d65-4e69-bc64-782d383b41c2','844f0154-a67e-4ca7-a6c5-059e1816f228','Bazaar of the Senses','Dive into the perfect chaos of Istanbul, where Europe and Asia meet and every street is an explosion of aromas, colors and sounds. You\'ll haggle in the Grand Bazaar, sip tea by the Bosphorus, discover mosques that leave you speechless and dine on kebabs on terraces overlooking a skyline that has captivated travelers for millennia. A city you feel, not just visit.','Europe','Turkey','Istanbul',1100.00,'EUR',42,'2026-07-13','2026-07-18',4.6,1,30),('fb950666-7422-4bf9-834a-d3ae4660b314','5eb2c9e9-3d65-4e69-bc64-782d383b41c2','801d9723-3424-49e2-bdd6-067a4194e76e','Wild Fjords','Paddle through the crystal-clear waters of the Norwegian fjords, between cliffs rising hundreds of meters above you and waterfalls plunging straight into the sea. You\'ll camp on remote beaches accessible only by water, dine under a sky that barely darkens in summer and feel the immensity of a nature that hasn\'t changed in thousands of years. An expedition for those seeking silence and adrenaline in equal measure.','Europe','Norway','Geirangerfjord',2100.00,'EUR',18,'2026-06-09','2026-06-14',4.7,0,0);
/*!40000 ALTER TABLE `trips` ENABLE KEYS */;
UNLOCK TABLES;

--
-- Table structure for table `users`
--

DROP TABLE IF EXISTS `users`;
/*!40101 SET @saved_cs_client     = @@character_set_client */;
/*!50503 SET character_set_client = utf8mb4 */;
CREATE TABLE `users` (
  `id` char(36) NOT NULL,
  `email` varchar(320) NOT NULL,
  `password_hash` varchar(255) NOT NULL,
  `user_role` enum('ADMIN','CUSTOMER','COMPANY') NOT NULL,
  `image_url` varchar(255) NOT NULL,
  `reset_code` varchar(255) DEFAULT NULL,
  `reset_code_expiry` datetime DEFAULT NULL,
  `reset_code_attempts` int NOT NULL DEFAULT '0',
  `reset_code_verify` tinyint(1) DEFAULT '0',
  PRIMARY KEY (`id`),
  UNIQUE KEY `email` (`email`)
) ENGINE=InnoDB DEFAULT CHARSET=utf8mb4 COLLATE=utf8mb4_0900_ai_ci;
/*!40101 SET character_set_client = @saved_cs_client */;

--
-- Dumping data for table `users`
--

LOCK TABLES `users` WRITE;
/*!40000 ALTER TABLE `users` DISABLE KEYS */;
INSERT INTO `users` VALUES ('f605677f-1fc4-4afb-ab69-cdac13567e50','aventuratrips2026@gmail.com','$2a$10$cUReJzYD2Oc3RrNtnTYC2epQd0m97F8kwd5AcPM4u6wRf1DE5Tl/G','COMPANY','https://res.cloudinary.com/matthew1010100/image/upload/v1771056021/profile_xbqujh.webp',NULL,NULL,0,0),('f98203e1-0ca7-4b97-a89f-c18280e0d4fd','tascon1010100@gmail.com','$2a$10$yuqlXYyL2RwU9nxPSnVbReMcT3dE87ce.gIL1WuJHxlWYpD62rXGm','CUSTOMER','https://res.cloudinary.com/matthew1010100/image/upload/v1771056021/profile_xbqujh.webp',NULL,NULL,0,0);
/*!40000 ALTER TABLE `users` ENABLE KEYS */;
UNLOCK TABLES;
/*!40103 SET TIME_ZONE=@OLD_TIME_ZONE */;

/*!40101 SET SQL_MODE=@OLD_SQL_MODE */;
/*!40014 SET FOREIGN_KEY_CHECKS=@OLD_FOREIGN_KEY_CHECKS */;
/*!40014 SET UNIQUE_CHECKS=@OLD_UNIQUE_CHECKS */;
/*!40101 SET CHARACTER_SET_CLIENT=@OLD_CHARACTER_SET_CLIENT */;
/*!40101 SET CHARACTER_SET_RESULTS=@OLD_CHARACTER_SET_RESULTS */;
/*!40101 SET COLLATION_CONNECTION=@OLD_COLLATION_CONNECTION */;
/*!40111 SET SQL_NOTES=@OLD_SQL_NOTES */;

-- Dump completed on 2026-04-02 18:02:52
